label,seq
1,MRSKMIKKEEKDNKIYITVKDEETGIEWTAVVEKVEFEWCVKQKEELEVEDAEKSVMLDYALFGNCAIPKVTAEEYKNSLTKYTGEKMSRLLHILYNYEIVSQNDTKNIWVTELSRCLRRSYLMRKEGKTKVGLNEAMKMHIGSGLHMRLQSLLRKHGFETEVRVQRKTALGFQIVGRIDVYDKEENVIYELKYTHNDKLDSVRLNNYLRQLNYYIEMANAMKGYLVIVHADGSVEEIKRDWAETDLEKRANAFGIYVEENTLPPKKSRPDAECIECPFYNFCWGKL
1,MEMQINSRKLGRTITFSRPGASYIFADLNGKSGTLGCQICSGGGTMGSTLSYDGDDQAQFEAICRRWYRAHVRGE
1,MKKAQQLLKEIKTNNVSYAIMDEDNEIYCNKETNNIMDIYGYDNENGHFYGVYGDVVDGQIDSRYFSDDAILNAIDKLLFLGDPIKRTDLPSDADFKRTFFFEE
1,MKNRLLGSRYTDAIKNDCGTANKMSNIYNKLNKDSLREIHSALYGLLTAGYDISNMRNIEELEKYVNLKKSRGQLLNVSSDDIKLYHKLFVIRFGK
1,MKKLYIQTNQFANGELQVENTSYELCDTFKELYSVASNLVDENTLNFVEDNFIEQNYKDEYNGVYENDGDTGEFVGQVFENKVTEEQFKELLEQLEITYTEFDPEEELAKCIANKNRKSEFYGNGLKVIAEYLESISHEDALAVVTYYYFYFGFGYEDQLISDIKDDQEDGVKFEHVERSETI
1,MKTFNIIVSESANLKEHSSELVDNIIYKVEAKNRREAFKKAREEYSFSSKWKFNMRDLTAIDNTHRRAWGRRYLRVEEA
1,MKTIFTKKQTEELLNDISIEKQKELFNSMHDFRSQHAKEARIPGWSDKYNKLEKKMLSDFEEVTGIKYDTLESELIWDNLSNKFLYNS
1,MKPSQKIKWLLTATGITTYKIGKDIEESTQFLDRYKNDPEKIGGMRLEKAEKLLEYISNLRQEDVIKTNWNNQQILVQNSTEKEITKYFNSYPFAIKLNWIKPHKEMFIVNFDTTSNKTFRKYPYDLKNLYFLVDKNRDKMSQFAEFLIICGRKSHFGGSRVLYEVEGKKYQIIFSIKRPSELGPTIRLINVVETDTYRDDLVPKISEEESILRSEDLDLKGKRVSIKDSELLELMSIIDN
1,MITANEIVKTHKGIRLVQRKNESWEEFKERIQEVIAKQGDNYLTQTKPVHEIKNKGTRNIRRTYVNILLKEGA
1,MVTEEQLKEVLVGIYETEYKDEQTFEEYADGWDFWIDKDGDILIEGRGMKPIDGVQKVGHVDNGVIYAY
1,MKNEDGKLVVSKAHFGNMIRNCQSVEDFKKSFERLTYYSSENRESTVRQRLKIAEKEYNFKAGVKEDLEIKNTTDKEILDYVRNELSKIDSKKQADKNWSEKNREHRNYLSKRSSARSFINNNATHEDLLELKKIIEEKLK
